Brazilian Portuguese|pt_BR.po|André de Barros Martins Ribeiro|andrerib at ajat dot com dot br
British|en_GB.po|Samuel Hocevar|sam at zoy dot org
Danish|da.po|Jonas Larsen|jonas at vrt dot dk
French|fr.po|Samuel Hocevar|sam at zoy dot org
German|de.po|Felix Kühne|fkuehne at users dot sf dot net
Hungarian|hu.po|DirektX|DirektX at freemail dot hu
Italian|it.po| Carlo Calabrò|murray at videolan dot org
Japanese|ja.po|Fumio Nakayama|endymion at ca2 dot so-net dot ne dot jp 
Nederlands|nl.po|Derk-Jan Hartman|hartman at videolan dot org
Norwegian|no.po|Sigmund Augdal|sigmunau at idi dot ntnu dot no
Polish|pl.po|Arkadiusz Lipiec|alipiec at elka dot pw dot edu dot pl
Russian|ru.po|Valek Filippov|frob@df.ru
Spanish|es.po|Antonio Javier Varela|tonxabar at hotmail dot com
Swedish|sv.po|Joel Arvidsson|dogai at privat dot utfors dot se
