Acoli|ach.po|Alfred John|agwanta2004 at yahoo dot co dot uk
Afrikaans|af.po|Jonathan Carter|jonathan at ubuntu dot com
Albanian|sq.po|Kola|eltonkola at gmail dot com
Amharic|am.po|Solomon Gizaw|solohavi at yahoo dot com
Arabic|ar.po|Osama Khalid| osamak dot wfm at gmail dot com
Armenian|hy.po|Eduard Babayan|edo248 at gmail dot com
Asturian|ast.po|Xuacu Saturio|xuacusk8 at gmail dot com
Basque|eu.po|Julen Ruiz Aizpuru|julenx at gmail dot com
Belarusian|be.po|Сергей Дарьичев|charnabog at rambler dot ru
Bengali|bn.po|Jamil Ahmed|itsjamil at gmail dot com
Brazilian Portuguese|pt_BR.po|Sidney Doria|ssdoria at gmail dot com
Breton|br.po|Denis Arnaud|denisarnuad at yahoo dot fr
British|en_GB.po|Samuel Hocevar|sam at zoy dot org
Bulgarian|bg.po|Ivo Ivanov|bestran at mail dot bg
Burmese|my.po|Simos Xenitellis|simos74 at gmx dot net
Catalan|ca.po|Xènia Albà Cantero|xenia_alba at hotmail dot com
Chiga|cgg.po|Florence Tushabe|tushabe at cit dot mak dot ac dot ug
Corsican|co.po|ghjuvan pasquinu| jpasquin.castellani at libertysurf dot fr
Croatian|hr.po|Dominko Aždajić|domazd at mail dot ru 
Czech|cs.po|Tomáš Chvátal|tomas dot chvatal at gmail dot com
Danish|da.po|Jonas Larsen|jonas at vrt dot dk
Dutch|nl.po|Thomas De Rocker|thomasderocker at hotmail dot com
Estonian|et.po|Eero|eerove at gmail dot com
Finnish|fi.po|Otto Kekäläinen|otto at sange dot fi
French|fr.po|Éric Lassauge|lassauge qt users dot sourceforge dot net
Friulian|fur.po| A. Decorte|klenje at  adriacom dot it
Gaelic Scottish|gd.po|Michael Bauer|fios at akerbeltz dot org
Galician|gl.po|Gonçalo Cordeiro|gzcordeiro at gmail dot com
Georgian|ka.po|Alexander Didebulidze|alexander dot didebulidze at stusta dot mhn dot de
German|de.po|Mario Siegmann|Mario_Siegman at web dot de
Hebrew|he.po|Yaron Shahrabani|sh dot yaron at gmail dot com
Hindi|hi.po|L. Balasubramaniam|l.balasubramaniam at gmail dot com
Hungarian|hu.po|Gabor Kelemen|kelemeng at gnome dot hu
Icelandic|is.po|Andri Pálsson|palsson dot andri at gmail dot com
Indonesian|id.po|Luqman Hakim|ovdl at rocketmail dot com
Irish|ga.po|Seanán Ó Coistín|seananoc at gmail dot com
Italian|it.po|Vincenzo Reale|smart2128 at baslug dot org
Japanese|ja.po|Fumio Nakayama|fumio dot n6a at gmail dot com
Kazakh|kk.po|Kypchak Kypchak|kypchak at gmail dot com
Khmer|km.po|Khoem Sokhem|khoemsokhem at khmeros dot info
Korean|ko.po|Han HoJoong|0demon0 at paran dot com
Kurmanji|kur.po|Omer Ensari|oensari at gmail dot com
Latvian|lv.po|jogijs|e.blumbergs at gmail dot com
Lithuanian|lt.po|Mindaugas Baranauskas|embar at super dot lt
Luganda|lg.po|James Olweny|sjolweny85 at yahoo dot co dot uk
Macedonian|mk.po|Goce Manevski|Goce92 at live dot com
Malayalam|ml.po|Sreejith P|sreejithpro at gmail dot com>
Malay|ms.po|Mahrazi Mohd Kamal|mahrazi at gmail dot com
Modern Greek|el.po|Manolis Stefanis|mstefanis at hotmail dot com
Mongolian|mn.po|Bayarsaikhan Enkhtaivan|ebayaraa at gmail dot com
Nepali|ne.po|Simos Xenitellis|simos74 at gmx dot net
Norwegian Bokmål|nb.po||
Norwegian Nynorsk|nn.po|Eirik U. Birkeland|eirbir at gmail dot com
Occitan|oc.po|Tòni Galhard|tony dot gaillard at supinfo dot com
Pashto|ps.po|Zabeeh Khan|zabeehkhan at gmail dot com
Persian|fa.po|Farzaneh Sarafraz|farzaneh at farsiweb dot info
Peul|ff.po|Ibrahima Sarr|ibrahima dot sarr at pulaagu dot com
Polish|pl.po|Michał Trzebiatowski|hippie_1968 at hotmail dot com
Portuguese|pt_PT.po|Bruno Queirós|brunoqueiros at portugalmail dot com
Punjabi|pa.po|Amanpreet Singh Alam|apbrar at gmail dot com
Romanian|ro.po|Cristian Secară|cristi at secarica dot ro
Russian|ru.po|Andrey Wolk|andywolk at gmail dot com
Serbian|sr.po|Marko Uskoković|turncoat at cp6linux dot org
Simplified Chinese|zh_CN.po|Dean Lee|xslidian at gmail dot com
Sinhala|si.po|H.Shalitha Vikum|HSVIKUM at sinhalaya dot com
Slovak|sk.po|Marián Hikaník|podnety at mojepreklady dot net
Slovenian|sl.po|Matej Urbančič|matej.urban at gmail dot com
Soranî|ckb.po|Ara Bextiyar|arastein at gmail dot com
Spanish|es.po|David González|pico dot dev at gmail dot com
Swedish|sv.po|Daniel Nylander|po at danielnylander dot se
Tagalog|tl.po|Simos Xenitellis|simos74 at gmx dot net
Tamil|ta.po|Abdul Fousan|abdulfousan at gmail dot com
Telugu|te.po|Praveen Illa|mail2ipn at gmail dot com
Tetum|tet.po|Simos Xenitellis|simos74 at gmx dot net
Thai|th.po|devleop5|devleop5  at datawiz dot co dot th
Traditional Chinese|zh_TW.po|Frank Chao|frank0624 at gmail dot com
Turkish|tr.po|Adem Gunes|xleopar at yahoo dot com
Ukrainian|uk.po|Oleksandr Natalenko|pfactum at gmail dot com
Vietnamese|vi.po|Anh Phan|ppanhh at gmail dot com
Walloon|wa.po|Gaëtan Rousseaux|garousseau at voo dot be
Zulu|zu.po|Sipho Sibiya|sipho at translate dot org dot za
